id,x,y,type
10,-122.0784086,38.2789683,1
11,-122.0462869,38.2789683,1
12,-122.0264893,38.2789683,1
13,-122.0058261,38.2789683,1
21,-122.0462869,38.1789683,1
22,-122.0264893,38.1789683,1
23,-122.0058261,38.1789683,1
31,-122.0462869,38.0789683,1
32,-122.0264893,38.0789683,1
9,-122.1044098,38.2789683,3
2,-122.0264893,38.3789683,3